Date,FCXr1,FCXr4,FCXHigh/Low%,FCXVolNorm,DHYr1,XLFr1,SPYr1,GLDr1,RTPr1
22-May-09,0.070179323,0.181040801,0.137548892,1,0.093264249,0.011274935,0.003494533,-0.004142326,0.093264575
15-May-09,-0.127992278,0.04078341,0.171569728,1.191554023,-0.076555024,-0.114439324,-0.045923855,0,-0.144969619
8-May-09,0.164568345,0.174603175,0.153461036,1.487454572,0.117647059,0.222535211,0.057913301,0.00319659,0.081158072
1-May-09,0.086733447,0.042418561,0.194342588,1.225180496,0.027472527,-0.026508227,0.014193399,0.017344173,0.095954126
24-Apr-09,-0.056912442,-0.028252612,0.124473684,1.343754972,0.02247191,-0.01530153,-0.004823151,0.014182058,0.086836092
17-Apr-09,-0.015873016,0.112820513,0.088553933,1.265341178,0.065868263,0.045155221,0.01480014,0.006640106,0.035197133
9-Apr-09,0.033513007,0.190604752,0.116161616,1.048471304,0.018292683,0.097007224,0.018395443,-0.012998362,-0.066577451
3-Apr-09,0.01305793,0.2594451,0.197973713,1.674364988,0.006134969,0.060175055,0.032471511,0.005712403,0.05887771
27-Mar-09,0.08,0.384615385,0.107006369,1.469783894,0.086666667,0.122850123,0.063876939,-0.000658689,0.236985101
20-Mar-09,0.052915767,0.355107714,0.240756914,2.033028715,-0.019607843,-0.006105006,0.008148245,0.00429989,-0.033132785
13-Mar-09,0.093270366,0.214028187,0.184169523,2.058906761,0.204724409,0.325242718,0.104033662,0.01126101,0.151878965
6-Mar-09,0.11374096,0.136531365,0.306610942,2.483138551,-0.158940397,-0.186842105,-0.067766806,-0.003222938,0.004411765
27-Feb-09,0.056984017,0.210023866,0.223542945,1.845218618,0.02027027,0.021505376,-0.045078791,0.006037567,-0.037009063
20-Feb-09,-0.05670272,0.261727313,0.117846386,1.622247918,-0.177777778,-0.159322034,-0.064523925,-0.001116819,-0.068589518
13-Feb-09,0.023482053,0.250409836,0.166044776,1.935862227,0.011235955,-0.096016343,-0.0485169,0.014617564,-0.062953197
6-Feb-09,0.185759745,0.036869565,0.258876961,2.075156446,-0.032608696,0.05952381,0.05010262,-0.004399819,0.398962536
30-Jan-09,0.102148181,-0.059835453,0.238219895,1.915384448,0.051428571,0.027808676,-0.003369029,0.019436458,0.007549361
23-Jan-09,-0.065163934,0.010186005,0.153119093,1.457416288,-0.038461538,-0.071280992,-0.022924994,-0.003666781,-0.030077729
16-Jan-09,-0.151304348,0.045863695,0.259899863,1.926556313,0.011111111,-0.162629758,-0.045235155,-0.012000453,-0.113275397
9-Jan-09,0.075168287,0.290394973,0.197714286,1.854718817,0.071428571,-0.086887836,-0.041630809,0.006609687,0.007142857
2-Jan-09,0.184233835,0.591666667,0.186619718,0.707455109,0.150684932,0.074702886,0.066544286,-0.014155713,0.202516332
26-Dec-08,-0.03214745,-0.058774489,0.150412421,0.557905357,0.050359712,-0.036794767,-0.011679329,-0.007913509,-0.03094959
19-Dec-08,0.047127469,0.20693223,0.222731439,1.644086112,0.120967742,0.008244023,-0.008989774,0.01036036,-0.078833693
12-Dec-08,0.326190476,-0.084634347,0.350482315,2.277534481,-0.046153846,-0.053083528,0.012055044,0.016250858,0.42615124
5-Dec-08,-0.299708212,-0.379386775,0.443949045,2.35101908,-0.064748201,0.011848341,-0.023976024,0.005639314,-0.3507
28-Nov-08,0.241076048,-0.174466621,0.27744511,1.048208967,0.263636364,0.30785124,0.132922535,-0.000690052,-0.237281672
21-Nov-08,-0.205834018,-0.222445696,0.430225825,2.053663603,-0.281045752,-0.239591516,-0.081967213,0.020300399,-0.124766355
14-Nov-08,-0.100849649,-0.260856362,0.404186047,1.721956458,-0.159340659,-0.104781997,-0.07713616,-0.006875656,-0.104870033
7-Nov-08,-0.068479009,-0.255295736,0.303077522,1.182806009,-0.076142132,-0.084352865,-0.030672312,-0.019314286,-0.099639533
31-Oct-08,0.168946098,-0.352206866,0.33,2.039645157,0.082417582,0.146125461,0.112477022,0.001487925,0.262789592
24-Oct-08,-0.24506529,-0.610466938,0.650359066,2.274806146,-0.010869565,-0.117263844,-0.066194614,-0.005803368,-0.051916264
17-Oct-08,-0.094085282,-0.552094668,0.598068598,2.153794437,0.323741007,0.016556291,0.053220339,0.018190244,-0.090775988
10-Oct-08,-0.189701293,-0.507985923,0.435692308,2.389357769,-0.390350877,-0.195953142,-0.19793366,0,-0.241111111
3-Oct-08,-0.297085553,-0.393045596,0.367610419,1.579704221,-0.080645161,-0.122019635,-0.086967315,-0.003463803,-0.169741697
26-Sep-08,-0.131936888,-0.285490372,0.257152146,1.081953626,-0.008,-0.044235925,-0.026345472,-0.001498732,-0.139409336
19-Sep-08,-0.004872767,-0.188520971,0.242107012,1.62798986,-0.116607774,0.058156028,-0.015623761,0.017239357,-0.032327454
12-Sep-08,-0.000405899,-0.124540822,0.2164297,1.495744202,-0.043918919,-0.027138914,0.013422279,-0.026487042,0.034985052
5-Sep-08,-0.17252575,-0.135757717,0.224981949,1.231955102,0.01369863,0.018266979,-0.033180511,-0.013626126,-0.171968819
29-Aug-08,-0.014128035,-0.021793889,0.081369704,0.439582699,0.010380623,0.032398453,-0.006331557,-0.024497418,-0.004039238
22-Aug-08,0.073586918,-0.058799086,0.160440906,0.77058261,-0.020338983,-0.031835206,-0.005375931,0.008307488,0.099492444
15-Aug-08,-0.013213283,-0.18258427,0.121724959,0.926598129,-0.003378378,-0.023319616,0.006104157,0.003334074,-0.029118602
8-Aug-08,-0.06341036,-0.206237238,0.209602955,1.710515309,-0.003367003,0.008298755,0.025840203,-0.007828868,-0.094697354
1-Aug-08,-0.051423229,-0.159517673,0.120331492,0.619535345,-0.01,0.042788462,0.00541919,-0.013488524,5.07E-05
25-Jul-08,-0.067609454,-0.172384146,0.142826689,0.746936315,0.016949153,0.006289308,-0.004522015,-0.000543596,-0.01743462
18-Jul-08,-0.041767217,-0.117833034,0.153291439,0.848508997,-0.048387097,0.10298826,0.017845607,0.011324904,-0.068985507
11-Jul-08,-0.008284242,-0.126196269,0.11919212,0.814225486,-0.018987342,-0.062062062,-0.019322141,-0.012271937,-0.004708163
3-Jul-08,-0.065944459,-0.061587631,0.158570739,0.618747235,-0.033639144,-0.030097087,-0.010964912,-0.016134202,-0.053311193
27-Jun-08,-0.006152269,0.005185377,0.065404781,0.676062226,-0.026785714,-0.061503417,-0.029639763,-0.008055114,-0.044488518
20-Jun-08,-0.050851582,-0.001365304,0.087972509,0.62256723,-0.045454545,-0.059957173,-0.03356592,0.013535288,0.036684342
13-Jun-08,0.065042757,-0.007086487,0.067708783,0.761569834,-0.011235955,-0.000855798,-0.001027221,0.033873834,-0.012249348
6-Jun-08,0.000518538,0.013570303,0.077876583,0.593294166,0.017142857,-0.056138934,-0.028304577,-0.008370044,-0.031511387
30-May-08,-0.012629064,0.049714234,0.060329554,0.529488951,0,0.006095083,0.019257321,-0.005476451,-0.043564356
23-May-08,-0.056289258,0.001795179,0.106338579,0.783389765,-0.005681818,-0.062833206,-0.035669236,0.00219539,-0.089975312
16-May-08,0.08720014,0.090350338,0.115091805,0.695388236,0.005714286,0.01194605,0.027357811,0.021071509,0.098566734
9-May-08,0.036197043,0.075416627,0.065411387,0.638361063,-0.019607843,-0.062161185,-0.018651971,0.012253233,0.042880443
2-May-08,-0.057702171,0.02358622,0.124080709,0.830620572,0.025862069,0.025954765,0.014478211,-0.026830076,-0.032807508
25-Apr-08,0.027131443,0.210973085,0.117791077,0.884713808,0.03880597,0.018889309,0.00751011,-0.018636905,0.021373797
18-Apr-08,0.072309575,0.307877814,0.102729195,0.784461171,0.053459119,0.055422648,0.038236617,0.003261224,0.060197198
11-Apr-08,-0.013743152,0.045271135,0.060871219,0.756001833,0.003154574,-0.046025105,-0.025498648,0.033711653,0.017557756
4-Apr-08,0.114803313,0.078193833,0.163978495,0.89716232,0.022580645,0.06653144,0.040361812,-0.011661484,0.115282686
28-Mar-08,0.109324759,-0.042236764,0.134248752,0.860823395,0.013071895,-0.063449848,-0.003937008,-0.009787749,0.051664516
20-Mar-08,-0.142997736,-0.123590982,0.202300242,1.11606083,-0.034700315,0.098039216,0.019057172,-0.018352586,-0.136490251
14-Mar-08,0.017320785,0.090470058,0.123255566,0.932368055,-0.021604938,-0.014391447,-0.000770951,-0.004620675,0.007295174
7-Mar-08,-0.009716439,0.099152636,0.097485253,1.024293554,-0.021148036,-0.058459156,-0.030712898,-0.000966184,-0.019694136
29-Feb-08,0.015096618,0.095114007,0.108049536,0.839475124,-0.008982036,-0.050367647,-0.013272379,-0.016678982,-0.005688656
22-Feb-08,0.066323245,0.179767276,0.070818579,0.690311485,0.047021944,0.013790533,0.003551872,-0.030696818,0.049362875
15-Feb-08,0.025420931,0.107571615,0.061125235,0.773402023,-0.047761194,-0.010693215,0.015555723,-0.000715746,0.053936989
8-Feb-08,-0.013355049,-0.034530387,0.125771698,0.776310342,-0.00887574,-0.086253369,-0.04663992,0.021196617,-0.062902494
1-Feb-08,0.093564474,-0.076321332,0.145476773,0.939783516,0.015015015,0.091979397,0.049158148,-0.011763492,0.192891341
25-Jan-08,0.001069773,-0.194452415,0.28349768,1.265250086,0.021472393,0.065882353,0.007420869,0.015295966,0.005959184
18-Jan-08,-0.106141096,-0.182489554,0.235125,1.302117933,-0.029761905,-0.072727273,-0.057723867,0.031334414,-0.077537087
11-Jan-08,-0.056062581,-0.078248947,0.08960729,0.919809539,-0.026086957,0.004382761,-0.008208902,-0.006654503,-0.02067355
4-Jan-08,-0.046293639,-0.077613321,0.079557001,0.442108265,0.039156627,-0.05390463,-0.040665309,0.009535161,-0.033729216
28-Dec-07,0.015936255,0.056807844,0.037809016,0.280178159,0.012195122,-0.011949471,-0.005603186,0.023057311,0.001593986
21-Dec-07,0.007834688,0.104658652,0.11832472,0.828738452,-0.020895522,-0.002044293,0.006523069,0.021399457,-0.005136095
14-Dec-07,-0.055411656,0.020691723,0.095195375,0.637505143,-0.023323615,-0.059294872,-0.024782983,-0.014175689,-0.097222222
7-Dec-07,0.092691802,-0.013776115,0.16762636,0.769339417,0.002923977,0.006451613,0.015135208,-0.005881047,0.001112347
30-Nov-07,0.061936453,-0.122960993,0.17827558,1.087562312,0.039513678,0.059104886,0.031429959,0.01054048,0.07207889
23-Nov-07,-0.068772491,-0.202738554,0.132248453,0.915367194,-0.020833333,-0.040642412,-0.01138624,0.008025319,-0.01442036
16-Nov-07,-0.087309552,-0.088390742,0.104188052,1.151605618,-0.020408163,0.012276045,0.004478435,-0.004164791,-0.07509146
9-Nov-07,-0.028280142,-0.058495104,0.065771061,0.87586679,-0.052486188,-0.05339196,-0.040079365,-0.027050706,0.290292126
2-Nov-07,-0.03465982,0.019338514,0.084090909,0.712105799,-0.021621622,-0.055192878,-0.015753157,0.020223464,0.007418478
26-Oct-07,0.064789502,0.114024216,0.138848573,0.765954916,0,0.033742331,0.026391394,0.023793182,0.078736003
19-Oct-07,-0.057378457,0.009846324,0.092440843,0.723739077,-0.043927649,-0.082723692,-0.042602188,-0.010862186,-0.083941998
12-Oct-07,0.052051328,0.19160696,0.1235745,0.78216164,-0.017766497,-0.00975202,0.003079885,-0.006408094,0.068426338
5-Oct-07,0.05501001,0.227101353,0.069399428,0.718050524,0.007672634,0.045745921,0.02143138,0.004744155,0.014997088
28-Sep-07,-0.034784209,0.199839854,0.081874205,0.707211383,0.015584416,-0.008092486,0.00401395,0.046701348,0.045071366
21-Sep-07,0.112282497,0.247216802,0.140341792,0.921491241,0.040540541,0.018246027,0.020617864,0.005109923,0.099514807
14-Sep-07,0.083388778,0.270481144,0.132642487,0.710427111,-0.018567639,0.029385035,0.019374273,-0.004377662,0.013910093
7-Sep-07,0.031571723,0.043025677,0.0643633,0.583142172,-0.002645503,-0.021925926,-0.010298801,0.02188369,0.072598253
31-Aug-07,0.00332836,0.014859531,0.091245376,0.531098321,0.018867925,-0.022872032,-0.004988876,0.028859311,0.002846508
24-Aug-07,0.133029909,-0.03135075,0.130265716,0.778157803,0.120845921,0.00115942,0.025015548,0.007519739,0.119820188
17-Aug-07,-0.110571362,-0.223467636,0.326822723,1.214970817,-0.122015915,0.034482759,0,-0.013476756,-0.076603774
10-Aug-07,0.003714883,-0.082555178,0.122481572,0.867262384,-0.020779221,0.040237056,0.006328234,0.001485884,-0.005479246
3-Aug-07,-0.042356865,-0.025675829,0.134843206,0.787627171,0.005221932,-0.03868066,-0.009027634,-0.037654909,-0.01812956
27-Jul-07,-0.091689387,0.086090316,0.153137594,0.966338131,-0.07038835,-0.059238364,-0.05465798,-0.006393559,-0.126581056
20-Jul-07,0.050827674,0.195292698,0.101975499,0.664061264,-0.014354067,-0.033533261,-0.008718114,0.020664653,0.021601894
13-Jul-07,0.065942767,0.116323146,0.100206612,0.66144227,-0.011820331,0,0.01222382,-0.027957242,-0.056052142
6-Jul-07,0.067495774,0.160540824,0.070990991,0.359927896,-0.01627907,0.01381979,0.016951406,0.007694129,0.05252842
29-Jun-07,-0.0003621,0.041761006,0.100196464,0.716591844,0.026252983,-0.009581166,-0.000797077,-0.020294561,0.008865307
22-Jun-07,-0.018597489,0.11044096,0.06875,0.549945136,-0.027842227,-0.024566088,-0.016463056,-0.003351826,-0.016147336
15-Jun-07,0.108164873,0.186507379,0.127789586,0.906110299,-0.015981735,0.006179473,0.013440148,0,0.095050419
8-Jun-07,-0.041761006,0.044706528,0.1,0.672917323,-0.011286682,-0.021041557,-0.01973001,0.007217695,-0.049605183
1-Jun-07,0.065540812,0.109870166,0.074258091,0.573702942,0,0.011439213,0.015755818,-0.005211349,0.014689266
25-May-07,0.048629656,0.097044552,0.056304409,0.771155233,0.006818182,-0.006081438,-0.006093566,0.008761682,0.049105539
18-May-07,-0.024273176,0.016283388,0.06512301,0.686300114,-0.017857143,0.001854305,0.011666446,0.025641026,-0.043005947
11-May-07,0.018009214,0.024589012,0.041838037,0.612015907,0,0.000795334,-0.000397562,0,0.109716553
4-May-07,0.053227467,0.060085837,0.083747552,0.620174271,-0.004444444,0.011260054,0.009295793,0.010044778,0.063882463
27-Apr-07,-0.028567348,0.027496601,0.058213598,0.756027451,0.004464286,0.004849138,0.006122998,-0.009944884,-0.00956707
20-Apr-07,-0.016299002,0.123756019,0.054945055,0.802003009,-0.006651885,0.03977591,0.022708505,0.010044778,0.007084447
13-Apr-07,0.053278082,0.172294515,0.049110425,0.921741387,0.002222222,-0.001677852,0.007487521,-0.014784786,0.032649137
5-Apr-07,0.020849071,0.190870638,0.043889058,0.684767595,0.002227171,0.003648611,0.015774648,-0.016187683,0.050041701
30-Mar-07,0.062439807,0.211605345,0.073494168,1.326091226,0.01814059,-0.015745856,-0.009693842,0.00935354,0.00800885
23-Mar-07,0.026190084,0.039893173,0.060813062,1.561298929,-0.004514673,0.033695031,0.035082654,0.02251816,0.074144487
16-Mar-07,0.069968276,0.054725504,0.143781186,0.900255988,0,-0.023696682,-0.015982384,0.022150724,-0.001186803
9-Mar-07,0.038623467,0.057595527,0.122643306,0.555122849,0,0.010422535,0.01521598,0.001983881,0.020739449
2-Mar-07,-0.088132198,-0.011042723,0.13701394,0.763668947,-0.006726457,-0.048257373,-0.045629732,0.011285266,-0.104180232
23-Feb-07,0.040826963,0.024277654,0.075555556,0.329408624,0.006772009,-0.012182203,-0.002950662,0.04480545,0.043342391
16-Feb-07,0.072879776,0.066913809,0.113010446,0.49908571,-0.002252252,0.015873016,0.012435737,0.001706037,0.057420622
9-Feb-07,-0.02878349,-0.024722778,0.053463855,0.412122436,0.002257336,-0.005883926,-0.006007872,0.022544283,-0.018519389
2-Feb-07,-0.055565054,0.073038073,0.057569685,0.599565889,0.011415525,0.015480717,0.018640968,-0.012980132,0.005149768
26-Jan-07,0.084151993,0.049524493,0.12076555,0.640216058,-0.002277904,-0.003787879,-0.004621202,-0.008926227,0.031179967
19-Jan-07,-0.019269224,0.002043091,0.060080878,0.448569858,0.006880734,-0.001081081,-0.002932142,-0.010006498,-0.005667781
12-Jan-07,0.068570319,-0.084387483,0.087629876,0.460930969,0.018691589,0.013976432,0.019211612,0.017184402,0.066270661
5-Jan-07,-0.076260542,-0.167125061,0.106243603,0.476031627,0.019047619,-0.006804573,-0.007626042,-0.058025153,-0.088898301
29-Dec-06,0.035104012,-0.093821138,0.056792873,0.199676477,0.007194245,0.0057487,0.006181172,-0.000870863,0.027912152
22-Dec-06,-0.103861518,-0.129647591,0.128277154,0.400947256,-0.018823529,-0.001912568,-0.011170437,0,-0.062919311
15-Dec-06,-0.027988999,0.046689895,0.073430782,0.408728895,-0.034090909,0.010770505,0.006505445,-0.006059107,0.024093589
8-Dec-06,0.00504065,0.05083305,0.034186623,0.383447611,-0.004524887,0.020862701,0.00855798,-0.000494376,0.003540648
1-Dec-06,-0.005819593,0.00572363,0.059900166,0.652932798,0,-0.015542603,-0.000926256,0.026125555,0.018988844
24-Nov-06,0.077700348,0.047586791,0.145454545,0.898608945,-0.006741573,0.000833333,-0.000498504,0.073519401,0.031132214
17-Nov-06,-0.024141448,0.016109046,0.06733394,0.338578118,-0.013303769,0.005586592,0.015769676,0.016468309,-0.069081795
10-Nov-06,-0.038103025,0.041061947,0.076107732,0.313816716,0.002222222,0.019652521,0.012450564,-0.0034478,-0.016801075
3-Nov-06,0.035563082,0.158363326,0.055924979,0.259474842,0.004464286,-0.01042841,-0.009934015,-0.001927047,0.020949593
27-Oct-06,0.045317755,0.108711979,0.089667565,0.296547627,0.020501139,0.009962995,0.007819351,-0.008867667,0.035083566
20-Oct-06,-0.000176991,0.112226816,0.050125313,0.27746875,-0.002272727,-0.010143702,0.001536998,0.015939016,0.043630794
13-Oct-06,0.070278462,0.084452975,0.076761905,0.300858872,-0.006772009,0.009385666,0.011999111,0.030714286,0.090526996
6-Oct-06,-0.008824634,-0.094666438,0.154201681,0.412126957,-0.011160714,0.01559792,0.010705195,-0.028452464,-0.02135738
29-Sep-06,0.04863162,-0.102762803,0.118079673,0.306447969,-0.015384615,0.011689071,0.016049289,-0.020793694,0.042381266
22-Sep-06,-0.025143954,-0.115156794,0.066269841,0.287066204,0.006637168,0.00204978,-0.003713246,0.014896552,-0.016010385
15-Sep-06,-0.106499743,-0.045262965,0.120898438,0.392061059,0.018018018,0.020621638,0.012895302,0.003877042,-0.062617249
8-Sep-06,-0.017688679,0.089906542,0.068805765,0.187337969,-0.002247191,-0.001789976,-0.008674479,-0.007967033,-0.038043213
1-Sep-06,0.034146341,0.076727734,0.073521481,0.16816265,0,0.008727054,0.012402742,-0.035506094,0.026998597
25-Aug-06,0.051859996,0.085066163,0.049546279,0.228637613,0.025345622,-0.009242695,-0.006733491,0.061603376,-0.036393474
18-Aug-06,0.02,0.080594059,0.045738046,0.198559863,0.011655012,0.028518859,0.028974097,-0.003364172,0.021698392
11-Aug-06,-0.029566479,-0.016544118,0.066027088,0.234565763,-0.011520737,-0.01924812,-0.009282371,-0.018841975,-0.040685022
4-Aug-06,0.042155009,-0.017990737,0.085984848,0.343894466,0.03087886,0.003622095,0.001719019,-0.017432432,0.004992155
28-Jul-06,0.047524752,-0.045298683,0.129676335,0.333409447,0.026829268,0.026332094,0.03251311,0.002845914,0.080943571
21-Jul-06,-0.071691176,0.014056225,0.0969286,0.400475596,0.002444988,0.020872865,0.003481218,0.022305348,-0.048275862
14-Jul-06,-0.030993944,0.126293996,0.095589627,0.360651209,0.027638191,-0.022565688,-0.024405655,-0.000415455,-0.013605442
7-Jul-06,0.013174517,0.145013257,0.062634216,0.302246728,0.007594937,0.000309215,-0.004873065,0.022080679,-0.011635115
30-Jun-06,0.112650602,-0.023440254,0.160346249,0.405106304,-0.0125,0.022770398,0.022174018,-0.01478176,0.017367681
23-Jun-06,0.031055901,-0.12153819,0.094384449,0.331742814,0.007556675,-0.006285355,-0.001444043,-0.056819676,0.026850653
16-Jun-06,-0.014888844,-0.117808219,0.156612529,0.585642121,-0.024570025,-0.026613643,-0.005584364,-0.031464968,0.033676622
9-Jun-06,-0.135882975,-0.250535005,0.184059511,0.588247553,-0.004889976,-0.016842105,-0.028294574,0.01670768,-0.105934349
2-Jun-06,0.00088199,-0.146381826,0.072852618,0.276347615,0.00245098,0.00941105,0.004829413,-0.026232816,-0.046906538
26-May-06,0.03543379,-0.122174048,0.111967624,0.535454773,0.017456359,0.010429448,0.01007081,-0.048253511,0.074898594
19-May-06,-0.163099969,-0.176691729,0.195098963,0.612959228,-0.02195122,-0.018072289,-0.016558341,0.01350365,-0.109271941
12-May-06,-0.0157966,0.029425649,0.108880309,0.340244751,-0.007263923,-0.028103044,-0.024750981,0.002561288,-0.020049403
5-May-06,0.029266027,0.089672131,0.084929757,0.31060551,-0.007211538,0.005889282,0.007986613,-0.014780101,0.090704984
28-Apr-06,-0.02887218,0.080475155,0.120839482,0.386895402,-0.002398082,0.025362319,0.002439954,-0.074304783,-0.013903649
21-Apr-06,0.046420142,0.238591917,0.121466294,0.444805619,0.019559902,0.019704433,0.018957346,0.005367927,0.040881228
13-Apr-06,0.041803279,0.194099962,0.05996732,0.212727749,-0.044392523,-0.003069368,-0.006407287,0.024636187,0.012270225
7-Apr-06,0.020578886,0.217321892,0.070687098,0.306809625,-0.011547344,0.000921659,-0.00223369,0.035476981,0.035458937
31-Mar-06,0.11324269,0.116153128,0.138822226,0.326976485,-0.009153318,-0.010036496,-0.002918363,0.020462526,0.042296073
24-Mar-06,0.008831266,0.015509741,0.06372549,0.176284848,0.013921114,-0.006646526,-0.003138876,0.003158023,0.035399614
17-Mar-06,0.06206346,0.00509915,0.108664628,0.225739842,-0.031460674,0.014093137,0.015786609,-0.042340351,0.033459052
10-Mar-06,-0.064239029,-0.035047179,0.146253449,0.319674042,-0.028384279,0.003690037,-0.001320286,0.010579523,-0.029745413
3-Mar-06,0.012861736,-0.131527733,0.076205596,0.240994204,-0.010799136,-0.01124962,-0.005022796,-0.050240036,-0.02208476
24-Feb-06,-0.001510859,-0.160393838,0.090013788,0.244764471,-0.004301075,0.014184397,0.004658023,0.033818098,-0.011221756
17-Feb-06,0.019641826,-0.077204601,0.096631917,0.335885286,-0.010638298,0.015977444,0.017135186,0.002197802,0.020583987
10-Feb-06,-0.157800843,-0.145185185,0.231881227,0.357078346,0.004273504,0.010766308,0.002930229,-0.002998501,-0.039920753
3-Feb-06,-0.020803557,0.044376694,0.06557377,0.251593748,-0.002132196,-0.018340068,-0.017659872,-0.018229167,-0.048135401
27-Jan-06,0.097420704,0.170446097,0.146953405,0.271094557,0.010775862,0.027139208,0.020401683,-0.009643418,0.058802975
20-Jan-06,-0.055473251,0.041190347,0.109768908,0.251596762,-0.010660981,-0.036900369,-0.021059994,0.037217958,0.018506279
13-Jan-06,0.028963415,0.129182156,0.097234612,0.22587697,0.028508772,0.001539883,0.001868577,0.038405797,0.034502709
6-Jan-06,0.09739777,0.07228478,0.111563367,0.239497851,0.048275862,0.025260499,0.03156373,-0.031578947,0.04015537
30-Dec-05,-0.023770641,0.001862197,0.043258427,0.082802719,0,-0.016154085,-0.017750079,0.113426227,-0.002727918
23-Dec-05,0.024349442,0.035318429,0.071428571,0.13958276,-0.02027027,0.006566604,0.003165559,-0.009927798,0.047970269
16-Dec-05,-0.022884126,0.047303874,0.062205467,0.194993028,-0.038961039,0.002507837,0.000237473,0.026604897,0.007952974
9-Dec-05,0.025325885,0.08024328,0.048794167,0.17545756,-0.010706638,-0.006540019,-0.00409933,0.033798577,0.002947806
2-Dec-05,0.008829607,0.068019093,0.083665339,0.194949328,-0.006382979,-0.010477658,-0.00220247,-0.015359741,0.047973832
25-Nov-05,0.036207903,0.078403566,0.045124583,0.103643164,-0.010526316,0.023659306,0,-0.029677082,-0.003801593
18-Nov-05,0.007847754,0.111904762,0.065120968,0.167769349,0.006355932,0.0028472,0.015983377,-0.030053259,0.014819351
11-Nov-05,0.01372315,0.104442037,0.031142568,0.150081342,-0.024793388,0.031994776,0.011069813,-0.001519372,0.04512
4-Nov-05,0.018638574,0.069332199,0.064,0.190993712,0.012552301,0.010557572,0.013512407,0.00752647,0.024455809
28-Oct-05,0.068398268,0.015846882,0.088171577,0.240148832,0.034632035,0.032356948,0.019282137,-0.006337939,0.02493112
21-Oct-05,0.001083424,0.009615385,0.113284804,0.273416692,-0.025316456,0.00997592,0.014136968,-0.003914141,-0.048225136
14-Oct-05,-0.018502765,0.053652968,0.112416494,0.191072071,-0.048192771,-0.002402196,-0.004550434,-0.030718394,-0.020731555
7-Oct-05,-0.032311175,0.075234393,0.094267801,0.243717175,-0.007968127,-0.012872629,-0.007692951,-0.005719153,-0.028241023
30-Sep-05,0.061844406,0.130788923,0.092273731,0.303444715,0.008032129,0.005792164,-0.028039662,0.010078663,0.048834982
23-Sep-05,0.044748858,0.148306148,0.043458476,0.225238044,-0.017751479,-0.020033389,0.013175231,0.001600394,0.00500417
16-Sep-05,0.001600732,0.065175097,0.053168763,0.168085798,-0.005882353,0.002678273,-0.016680162,0.003706907,0.072598404
9-Sep-05,0.017686758,0.008765859,0.045096636,0.129020889,0.011904762,0.012885724,-0.00882825,-0.001850025,-0.010620915
2-Sep-05,0.078293601,0.047537786,0.106727365,0.174949734,-0.001980198,0.012010981,0.019056187,-0.014823815,0.038021201
26-Aug-05,-0.030885214,-0.010675273,0.057668094,0.153586394,-0.009803922,-0.020504202,0.01250414,0.027979016,-0.008478733
19-Aug-05,-0.051441753,0.020347395,0.071199803,0.180706097,0.00990099,0.001346348,-0.013962603,-0.004600274,-0.050119808
12-Aug-05,0.05680156,0.123056995,0.086706647,0.201495307,-0.003944773,0.002361673,-0.004794409,0.020685279,0.06636383
5-Aug-05,0.0183714,0.056944087,0.055652608,0.154385052,-0.001968504,-0.009689275,0.001464844,0.015071493,0.062118357
29-Jul-05,-0.000496278,0.061956235,0.038236044,0.167386596,0.013972056,-0.007296849,-0.006950057,-0.021676118,0.009282508
22-Jul-05,0.044041451,0.098691385,0.062027626,0.250308361,-0.001992032,-0.007243991,0.001618909,-0.027096616,0.049928104
15-Jul-05,-0.005410977,0.001556824,0.036969539,0.129679405,0.006012024,0.016398929,0.00569847,0.012916046,-0.005639844
8-Jul-05,0.023200633,0.086202071,0.048911583,0.093301301,0.022540984,0.012881356,0.012528849,-0.007518797,0.023662384
1-Jul-05,0.034078517,0.030146659,0.057417582,0.139065893,0.014553015,0.006482429,0.01497532,-0.039085633,0.008032787
24-Jun-05,-0.048261546,0.032076533,0.073055556,0.152490877,0.023404255,-0.010799865,0.004622626,-0.019282147,-0.051321928
17-Jun-05,0.078645396,0.141587678,0.105098263,0.221531067,-0.016736402,0.009540034,-0.019611074,-0.006348107,0.063688999
10-Jun-05,-0.029603476,0.114472863,0.076811594,0.141529677,-0.006237006,0.00239071,0.009734587,0.006505576,-0.007307661
3-Jun-05,0.036015757,0.015724138,0.087601863,0.126216546,0.045652174,-0.001704739,0.000332917,-0.023371908,0.0202731
27-May-05,0.052725118,0.025389498,0.100278552,0.183273857,0.017699115,0.002735043,-0.000831601,-0.015965167,0.02577984
20-May-05,0.053025577,-0.068432671,0.107550761,0.204765283,-0.00877193,0.036131775,0.009486232,-0.005661634,0.00492228
13-May-05,-0.115586207,-0.062024576,0.155161495,0.189881619,0.002197802,-0.018086957,0.029381265,0.006255585,-0.080952381
6-May-05,0.045874207,-0.056971904,0.067563615,0.159237274,-0.008714597,0.010900141,-0.011700401,-0.011811458,0.044776119
29-Apr-05,-0.043598234,-0.133716571,0.104623592,0.237217909,0.026845638,0.025234319,0.011576674,-0.012427777,-0.05151396
22-Apr-05,0.060269163,-0.064049587,0.084161309,0.233994648,-0.004454343,0.00036062,0.001557498,0.000436253,0.050739608
15-Apr-05,-0.11082206,-0.170186939,0.134564644,0.267893899,-0.06263048,-0.020833333,0.012439772,0.00394175,-0.070583717
8-Apr-05,-0.03924019,-0.058765916,0.034392913,0.137950786,0.032327586,0.011428571,-0.032627119,0.0083913,0.008989461
1-Apr-05,0.033316116,-0.085067459,0.071504519,0.212072247,0.033407572,-0.003558719,0.00528199,-0.026756931,0.003031481
24-Mar-05,-0.059966011,-0.057907543,0.074054894,0.160186622,-0.056722689,-0.030031067,0.00204883,-0.021656854,-0.087588652
18-Mar-05,0.008570029,0.036748049,0.039205955,0.147034387,-0.038383838,-0.024250589,-0.011810359,0.010088138,0.012931034
11-Mar-05,-0.066087354,0.072478992,0.084863524,0.235032903,-0.023668639,-0.016887417,-0.015366725,-0.000530673,-0.025210084
4-Mar-05,0.063990268,0.177753838,0.082080355,0.214478769,0.001976285,0.008010681,-0.019066243,-0.002329521,0.008830802
25-Feb-05,0.034482759,0.142936596,0.065340909,0.212093344,0.007968127,0.005706613,0.010705756,-0.017988978,0.061412717
18-Feb-05,0.043329832,0.064006427,0.076739878,0.252467751,-0.01953125,-0.025515211,0.008554817,0.002710875,0.052731291
11-Feb-05,0.02558578,0.040152964,0.071588995,0.147983735,0,0.005261427,-0.003063675,0.007881463,0.011255688
4-Feb-05,0.032536151,0.042391915,0.061572908,0.132690194,0.013861386,0.030149051,0.004491391,0.017427563,0.010730999
28-Jan-05,-0.036957686,-0.059377452,0.053745475,0.134833008,0,-0.000677048,0.023843992,0.022185792,0.015901639
21-Jan-05,0.019939907,-0.012169312,0.05538799,0.174542871,0.003976143,-0.00672495,0.005566022,0.007043804,0.043894926
14-Jan-05,0.027793375,-0.026588673,0.051537585,0.178787812,-0.030828516,-0.010974393,-0.012347767,-0.004055683,0.046565774
7-Jan-05,-0.068270991,-0.027041792,0.083973812,0.226109033,0.013671875,-0.015067147,-0.001688619,-0.009015859,-0.063249727
31-Dec-04,0.011375661,0.0224659,0.020684169,0.06764932,-0.013487476,-0.001635056,-0.020104244,-0.011913706,0.02563882
23-Dec-04,0.005051848,-0.068277052,0.042564655,0.106650939,-0.011428571,0.018993669,0.00082802,0.005503993,0.024052863
17-Dec-04,0.027314941,-0.038599182,0.040522165,0.115843037,-0.018691589,-0.000998668,0.011135298,0.013785558,0.017116229
10-Dec-04,-0.020861193,-0.093363051,0.101824603,0.196025255,0.015180266,0.000666223,0.000754085,-0.000765278,-0.044360709
3-Dec-04,-0.078383042,-0.029587335,0.120196239,0.201073375,-0.007532957,0.011796427,0.000838574,0.006713625,-0.012181711
26-Nov-04,0.03706544,0.120099393,0.064440386,0.118781495,0.001886792,0.012973711,0.008030431,0.039350263,0.029703833
19-Nov-04,-0.031203566,0.095491459,0.066151866,0.183832917,0.001890359,-0.018102581,0,-0.000571625,-0.00173913
12-Nov-04,0.048014534,0.093123985,0.071296051,0.148435806,-0.001886792,0.013936098,0.007494464,0.004363302,0.031667713
5-Nov-04,0.063776919,-0.082400572,0.112639725,0.178412593,0.011450382,0.028311779,-0.011532957,-0.020910624,0.048635936
29-Oct-04,0.014281714,-0.096758105,0.066685747,0.215054405,0,0.044160584,0.012875171,0.005994119,0.003114089
22-Oct-04,-0.033297239,-0.102763819,0.068410463,0.207729358,0,-0.023521026,0.036042403,0.001585863,-0.008885148
15-Oct-04,-0.12026673,-0.007522837,0.171548117,0.283565673,0,-0.027383016,0.029184471,0.011805158,-0.033447839
8-Oct-04,0.04713217,0.107623318,0.079949239,0.236924064,0.005758157,-0.003109883,-0.011414704,0.002758304,0.003993465
1-Oct-04,0.007537688,0.073340471,0.067122594,0.237415313,0.001923077,0.016865777,-0.011110124,0.013748107,0.056578443
24-Sep-04,0.069317571,0.069317571,0.070660935,0.172504033,-0.011406844,-0.026342798,-0.010030796,0.002686916,-0.003154574
17-Sep-04,-0.018201002,0.027041943,0.035192204,0.124287712,-0.005671078,-0.003069577,0.019648304,-0.016318088,0.066034852
10-Sep-04,0.014721627,0.173684211,0.045864046,0.085510621,-0.005639098,0.008253095,-0.014935926,0.017182934,-0.014561157
3-Sep-04,0.003761419,0.164951668,0.032328172,0.146606427,0.013333333,0.006228374,0.000796038,-0.027730424,-0.017851859
27-Aug-04,0.027041943,0.068005739,0.060666477,0.147082608,0.007677543,0.01048951,0.008383874,-0.012014372,-0.032353503
20-Aug-04,0.121981424,0.086330935,0.126422639,0.195603323,0.009689922,0.039621956,0.006011664,0.030190862,0.043106023
13-Aug-04,0.007171812,-0.102777778,0.053582752,0.15396312,0,0.006217996,0.009145237,-0.002308136,-0.016160627
6-Aug-04,-0.079770445,-0.099410278,0.102411525,0.133262816,0.027888446,-0.022524133,0.030319993,-0.00264733,-0.026413655
30-Jul-04,0.044664269,0.056380721,0.109125118,0.1760995,0.004,0.014876633,0.003182031,-0.012278308,0.07757912
23-Jul-04,-0.073333333,-0.017378498,0.105133723,0.18783374,0,-0.007562117,-0.035823859,0.005831904,-0.083788364
16-Jul-04,0.01095198,0.10701107,0.070760234,0.148381557,-0.031007752,-0.00785995,0.017070485,0.010865796,0.038115715
9-Jul-04,0.079418005,0.125118483,0.105181508,0.189764081,0.019762846,-0.016514406,-0.015629235,-0.029504151,0.046216769
2-Jul-04,-0.028276878,0.033521303,0.078449612,0.142971781,0.041152263,-0.004895105,-0.009308154,-0.002461952,-0.00508647
25-Jun-04,0.04397294,0.009515314,0.091975896,0.156558004,0.004132231,0.002805049,-0.01018781,-0.020497643,0.013506547
18-Jun-04,0.027488152,0.008997828,0.094827586,0.158663145,-0.004115226,-0.011438475,-0.0078228,0.002747857,0.011999165
11-Jun-04,-0.008458647,0.097814776,0.06696716,0.140498956,0.002061856,0.007332402,0.001232069,-0.010656807,-0.013077953
4-Jun-04,-0.050847458,0.115693813,0.100675458,0.183218101,0.023206751,0.001398601,-0.005774783,0.011661166,-0.004816561
28-May-04,0.043437791,0.102622951,0.087326608,0.248521176,0.037199125,0.025089606,0.011594973,0.01689227,0.048232893
21-May-04,0.117932709,-0.011046333,0.162045373,0.297191074,0.031602709,0.005405405,0.001063264,0.00325477,0.077181208
14-May-04,0.007689619,-0.196712176,0.08573487,0.320314475,-0.013363029,0.010560816,0.027494538,0.024137931,-0.041375485
7-May-04,-0.061967213,-0.252221641,0.103786816,0.26275838,-0.026030369,-0.023470839,-0.001817521,0.021126761,0.006138393
30-Apr-04,-0.064130101,-0.231738035,0.160287081,0.330758808,-0.021231423,-0.0174703,0.000727537,-0.002225085,-0.040171398
23-Apr-04,-0.091947618,-0.155261794,0.152866242,0.3316087,-0.030864198,-0.008659508,-0.009012257,-0.018392919,-0.05659424
16-Apr-04,-0.06194459,-0.144457688,0.094706724,0.286193709,-0.04518664,-0.022350152,-0.029730675,-0.004918783,-0.036044812
8-Apr-04,-0.03627204,-0.087744397,0.042094186,0.131046165,-0.009727626,-0.002364865,0.004303153,0.002063274,-0.025166192
2-Apr-04,0.029030586,-0.083564174,0.040198382,0.2671299,-0.019083969,0.021746634,-0.004371776,0.01654626,0.066545123
26-Mar-04,-0.080333731,-0.095427902,0.121396456,0.47459103,0.02745098,-0.011262799,-0.002355199,-0.00935011,-0.00873494
19-Mar-04,0.000238436,0.024670249,0.076903745,0.199753329,-0.001956947,-0.009130876,0.032513735,0.004172945,-0.006483791
12-Mar-04,-0.031855956,0.017961165,0.088635801,0.174416291,-0.011605416,-0.029218647,-0.000540103,0.019981083,-0.071587331
5-Mar-04,0.015709261,0.097264438,0.083836676,0.214073412,0.011741683,0.019410977,-0.013235033,0.007024646,-0.017470428
27-Feb-04,0.041768442,0.157080846,0.078668684,0.174791509,-0.022944551,0.003694995,-0.032651658,-0.030698211,-0.004709292
20-Feb-04,-0.00631068,0.078503688,0.088366337,0.200092382,-0.027881041,-0.001006711,0.011208619,0.009789069,-0.007014388
13-Feb-04,0.043566363,0.142857143,0.111082606,0.234624532,0.005607477,0.010512038,0.001740796,-0.021439161,0.064624222
6-Feb-04,0.071079761,-0.111811024,0.122483697,0.247381959,-0.018348624,0.015146299,-0.0020846,0.00481265,-0.03287037
30-Jan-04,-0.028977871,-0.120496302,0.12539185,0.29196062,-0.023297491,-0.002061147,0.005941459,0.000573263,0.015992474
23-Jan-04,0.052981969,-0.08881421,0.131267606,0.293253541,0.009041591,0.008662509,0.008547762,-0.022416499,-0.018013857
16-Jan-04,-0.188976378,-0.126484129,0.26350199,0.423327754,0.012820513,0.018708083,-0.008302019,-0.011631771,-0.02124774
9-Jan-04,0.060606061,-0.006259781,0.071599045,0.209683809,0.018656716,0.008543966,0.001750854,0.000221607,-0.012764438
2-Jan-04,0.00600096,-0.074016792,0.022891566,0.129127879,0.015151515,0.011887608,0.016371563,-0.004082984,0.037314815
26-Dec-03,0.009449964,-0.042958879,0.084133991,0.211617163,0.029239766,0.006526468,0.010428841,-0.020959378,0.018675722
19-Dec-03,-0.077353007,0.015501969,0.137215696,0.242819062,-0.020992366,0.008409506,0.013947129,-0.007612308,0.036870416
12-Dec-03,-0.011710119,0.132691821,0.102878716,0.209551202,0.03968254,0.009225092,0.00706876,0.017564914,-0.001854744
5-Dec-03,0.039742706,0.103902439,0.049199085,0.160081139,0.052192067,0.001108238,0.007305345,0.006036659,0.04264631
28-Nov-03,0.071112205,0.123354839,0.078810409,0.097651725,-0.012371134,0.019585687,0.012357236,-0.002081051,0.034210526
21-Nov-03,0.029121297,0.09600863,0.073871052,0.166322724,0.008316008,-0.009697874,0.003004695,-0.005121499,-0.035043169
14-Nov-03,-0.036829268,0.081325301,0.089828269,0.183979087,0.002083333,-0.010701107,0,-0.005634413,-0.009058883
7-Nov-03,0.058064516,0.143016448,0.12303523,0.185579416,0.008403361,-0.002576371,0.021582734,0.021472053,0.003028773
31-Oct-03,0.045037756,0.147468167,0.072499319,0.141731602,-0.0041841,0.018365817,-0.011473544,-0.008994187,0.042851127
24-Oct-03,0.015334064,0.150837989,0.059722222,0.169879011,0.012711864,-0.008547009,-0.001892864,0.010193906,-0.039927221
17-Oct-03,0.018120992,0.084001187,0.064678004,0.224651859,-0.012552301,0.011273957,0.003418803,0.00928204,0.03787243
10-Oct-03,0.062185372,0.138368772,0.125373134,0.245564636,0.025751073,0.011787072,0.016605522,0.001680296,0.053259669
3-Oct-03,0.048106766,0.108303249,0.142454602,0.214362737,0.002150538,0.039114974,-0.006522156,0.027745798,0.034285714
26-Sep-03,-0.043633126,0.074,0.074937811,0.156051685,0,-0.034706331,-0.002964521,-0.039265568,-0.0545651
19-Sep-03,0.069184386,0.234970674,0.083333333,0.160269501,0,0.030660377,0.011413096,-0.015999129,0.034078212
12-Sep-03,0.034131933,0.098292088,0.049633578,0.158229157,-0.008528785,-0.005861665,0.034417209,-0.016905628,0.001790911
5-Sep-03,0.015666667,0.104385647,0.036454849,0.087757411,0.035320088,0.010663507,-0.035883091,-0.003624733,0.009035464
29-Aug-03,0.099706745,0.119402985,0.152330428,0.176893637,-0.015217391,0.010778443,0.011908248,0.011538876,-0.000677201
22-Aug-03,-0.049146044,-0.011235955,0.099706745,0.135634679,0.017699115,-0.021484375,-0.00369542,0.029189789,0.047776727
15-Aug-03,0.039869518,0.1476,0.062296269,0.172567323,0.008928571,0.011058452,0.013702681,0.002113224,0.001065467
8-Aug-03,0.029477612,0.109814964,0.067311412,0.142313266,0.006741573,0.007961783,0.016738499,-0.033641445,0.003802733
1-Aug-03,-0.028633563,0.105610561,0.059180577,0.108269351,-0.043010753,-0.034588778,0.001505722,-0.035854922,-0.050547219
25-Jul-03,0.1036,0.141497724,0.1125,0.20849185,-0.016913319,0.014029618,0.013634514,-0.026923465,0.100446983
18-Jul-03,0.005631537,0.024590164,0.070362473,0.121804339,-0.018672199,0.00351975,-0.002334788,0.004660115,0.006875859
11-Jul-03,0.025577558,0.058773424,0.028830313,0.083435618,0.006263048,0.021574111,-0.017160531,0.003762457,0.034933368
3-Jul-03,0.002896152,0.048896582,0.03006263,0.092425791,0.008421053,0.015827922,0.007235454,0.013709927,0.006773479
27-Jun-03,-0.00942623,0.101138952,0.04826997,0.131698653,-0.016563147,-0.016367265,-0.007282522,0.010626107,-0.049876238
20-Jun-03,0.039182283,0.16914231,0.09735269,0.228752138,-0.004123711,-0.011444357,0.016426688,0.001251695,-0.010410288
13-Jun-03,0.016010385,0.185858586,0.076643991,0.151487281,0.008316008,-0.003147128,0.009830023,-0.00228952,-0.03143535
6-Jun-03,0.05284738,0.247840173,0.070506912,0.135586458,0.004175365,0.035016287,-0.017900241,-0.004248705,0.054409006
30-May-03,0.051748922,0.206706982,0.059134615,0.184233753,0,0.040237188,-0.001205303,-0.01248465,0.039932362
23-May-03,0.054040404,0.204270052,0.085283411,0.168611707,0.030107527,-0.017478152,0.003022366,0.026686279,-0.003499676
16-May-03,0.069114471,0.08970831,0.105206656,0.149748317,-0.006410256,0.020815633,0.023826715,-0.021184698,0.016602978
9-May-03,0.018141836,0.001622499,0.039686976,0.088738404,-0.029045643,-0.008006743,0.034023038,0.011021002,-0.008233142
2-May-03,0.049624928,0.044801838,0.05561993,0.103887282,0.008368201,0.036697248,-0.011700221,0.001979373,0.039815192
25-Apr-03,-0.04623005,-0.000576701,0.075722543,0.144546493,-0.008298755,0.002189142,0.012162595,0.012766406,-0.06171108
17-Apr-03,-0.017306652,0.03887936,0.040443213,0.084124272,0.02991453,0.041495668,0.005578801,0.011418205,0.018836061
11-Apr-03,0.062033314,0.08128655,0.089751013,0.13743844,-0.014736842,-0.002728513,0.03302671,0.010459349,-0.021482141
4-Apr-03,0.004036909,0.022313564,0.065191388,0.094729843,0.060267857,0.034336783,0.007481018,-0.00696006,0.026621428
28-Mar-03,-0.008576329,0.01880141,0.073439412,0.087234516,0.027522936,-0.038878843,0.027653471,0.00150134,-0.053950617
21-Mar-03,0.022807018,0.01450116,0.043657817,0.088449079,0.013953488,0.074829932,-0.012464589,0.00010725,0.01822753
14-Mar-03,0.004110393,0.01183432,0.078076202,0.136858283,-0.03803132,-0.005797101,0.017760351,0.018126228,0.015575131
7-Mar-03,0.000587544,0.005312869,0.024346793,0.116096197,0.025229358,-0.016627078,-0.033009925,0.027257431,-0.036531365
28-Feb-03,-0.012761021,-0.093233884,0.063946407,0.123003832,0.011600928,-0.009411765,0.06585047,-0.006242336,-0.005626223
21-Feb-03,0.020118343,-0.07212056,0.063183475,0.093658436,0.021327014,0.018696069,0.009721555,0.003018784,0.064583333
14-Feb-03,-0.002361275,-0.076502732,0.035844471,0.175674553,-0.023148148,0.009680542,-0.01861013,0.001231389,-0.024514162
7-Feb-03,-0.097496004,-0.053102292,0.164179104,0.338251121,0.028571429,-0.048802947,-0.003638071,-0.021898609,0.062483131
31-Jan-03,0.01022605,0.065871664,0.042679633,0.149546392,0.019417476,-0.005038937,0.012596554,0.003626374,-0.01002004
24-Jan-03,0.015300546,0.11257485,0.091529278,0.113709265,-0.041860465,-0.054978355,0.008750899,0.01279911,-0.047709924
17-Jan-03,0.022917831,0.119266055,0.124040165,0.158306009,-0.022727273,-0.017021277,-0.030676272,0.010118044,-0.032734433
10-Jan-03,0.015900057,0.156431803,0.083283042,0.13266307,0.03286385,0.031606673,-0.003704561,0.014484489,-0.024489796
3-Jan-03,0.054491018,0.202047782,0.074772036,0.059457805,0.028985507,0.039233577,-0.047209354,-0.015937149,0.052698092
27-Dec-02,0.021406728,0.077419355,0.02862363,0.037087855,0.027295285,-0.032229581,-0.025789813,-0.002797985,-0.004654088
20-Dec-02,0.056884292,0.093645485,0.078507079,0.135090688,-0.100446429,0.011160714,0.018719212,-0.022428884,0.024484536
13-Dec-02,0.055972696,0.12345679,0.110714286,0.095379318,0.018181818,-0.019264448,0.045433738,-0.007169237,-0.018342821
6-Dec-02,-0.05483871,0.126056879,0.092812282,0.099889473,-0.024390244,-0.023931624,-0.029003223,0.009983544,-0.029227557
29-Nov-02,0.036789298,0.212832551,0.107974594,0.054812028,0.084134615,-0.007212558,0.007275576,-0.00653951,0.00779703
22-Nov-02,0.085693537,0.220408163,0.124542125,0.081910634,0.024630542,0.024782609,-0.029229599,0.016057586,0.0273363
15-Nov-02,0.058416603,0.138016529,0.097211155,0.058668188,-0.037914692,0.034172662,-0.020436402,0.002442274,0.000636132
8-Nov-02,0.01799687,0.053441296,0.1171875,0.097695425,0.021791768,-0.027972028,0.005673303,0.024917511,0.069387755
1-Nov-02,0.043265306,0.06588824,0.062809917,0.07828955,0.019753086,0.003508772,0.022100656,-0.003175683,-0.027777778
25-Oct-02,0.012396694,-0.054783951,0.089478045,0.07582878,-0.004914005,0.014234875,0.019520357,0.008579272,0.017770598
18-Oct-02,-0.020242915,-0.103703704,0.261306533,0.235142906,-0.007317073,0.090732654,-0.006868284,0.010635838,0.074341915
11-Oct-02,0.030025021,-0.142361111,0.214634146,0.157457624,-0.044289044,0.067322631,0.000776053,-0.002306805,0.045832703
4-Oct-02,-0.074845679,-0.200133422,0.154811715,0.099670973,0,-0.064891041,0.017599278,-0.014660757,-0.009588015
27-Sep-02,-0.04,-0.209273948,0.123404255,0.153517077,-0.013793103,-0.002415459,0.053231939,-0.017310699,-0.007287329
20-Sep-02,-0.0625,-0.164086687,0.120092379,0.086331882,-0.011363636,-0.074653554,0.041584158,0.010837661,-0.034601579
13-Sep-02,-0.039359573,-0.094339623,0.108587651,0.107604808,-0.006772009,-0.016703297,-0.023564955,0.003739377,0.025924289
6-Sep-02,-0.085417938,-0.074119827,0.070212766,0.11744186,-0.006726457,-0.03109029,-0.018968583,0.019641826,-0.046488764
30-Aug-02,0.014860681,0.114965986,0.07133995,0.071057931,0.02764977,-0.008027038,-0.059328649,-0.00265038,-0.005169764
23-Aug-02,0.01572327,0.113793103,0.098684211,0.082273797,-0.039823009,0.003816794,-0.003666667,0.023711219,0.068049545
16-Aug-02,-0.017912292,0.010807374,0.075907591,0.074430376,0.066037736,0.008985879,-0.019394204,-0.004228827,-0.010192024
9-Aug-02,0.101360544,-0.060359837,0.158345221,0.073028958,0.00952381,0.066636239,-0.029809725,-0.005141989,0.039938556
2-Aug-02,0.013793103,-0.140350877,0.107266436,0.084701415,0.076923077,0.032030146,0.01480369,0.008366722,-0.007016473
26-Jul-02,-0.078194533,-0.18767507,0.276167472,0.175104945,-0.060240964,-0.011638734,0.021141417,0.029105021,-0.090707351
19-Jul-02,-0.087057458,-0.183281412,0.164820847,0.084174,-0.009546539,-0.080085653,0.051849291,-0.006506024,-0.000693001
12-Jul-02,0.007602339,-0.083510638,0.094674556,0.099645355,-0.002380952,-0.063377457,0.013901869,0.017655714,-0.063595068
5-Jul-02,-0.042016807,-0.107049608,0.124691358,0.06970172,-0.043280182,-0.008353222,0.010506434,0.000490677,0.041216216
28-Jun-02,-0.073208723,-0.096202532,0.094594595,0.101643506,-0.089211618,0.008019246,-0.077735438,0.017219865,-0.014122036
21-Jun-02,0.024468085,-0.039401496,0.065027322,0.142316279,-0.036,0.000401123,-0.075118316,0.000499376,-0.030733471
14-Jun-02,-0.018276762,0.010752688,0.05801105,0.117107328,-0.108734403,-0.020816968,0.003536783,0.018177196,0.008990228
7-Jun-02,-0.030379747,0.045305677,0.081504702,0.123300692,0.02,-0.034874905,-0.003223207,-0.007193337,-0.005957777
31-May-02,-0.014962594,0.10458613,0.088296761,0.148345391,-0.010791367,-0.014568547,-0.020907298,-0.000126183,-0.023152834
24-May-02,0.077956989,0.108347153,0.104864865,0.157977505,-0.031358885,-0.020490304,-0.018772982,0.014335083,-0.003404363
17-May-02,0.015283843,0.021416804,0.056338028,0.097763236,-0.00173913,0.045524101,-0.033482978,-0.004966887,0.023354839
10-May-02,0.024608501,0.043874644,0.051340559,0.098020916,-0.013722127,-0.023533806,-0.016284847,0.000254777,0.021349499
3-May-02,-0.011608624,0.043173862,0.066781808,0.071118207,0.013913043,0.014783927,-0.019927863,-0.024723568,0.008506114
26-Apr-02,-0.006589786,0.026674234,0.082552693,0.087894539,0,-0.037226277,0.048402344,0.020928463,-0.051795841
19-Apr-02,0.037606838,0.125463535,0.092831962,0.134261892,-0.013722127,0.008094187,-0.016731735,-0.0145,0.005703422
12-Apr-02,0.023920653,0.151574803,0.04084014,0.061556918,-0.001712329,0.000368053,0.001769252,0.017811705,-0.029639651
5-Apr-02,-0.027241771,0.120261438,0.092771084,0.081179787,0.017421603,0.000736648,-0.048635719,-0.009701399,0.016375
28-Mar-02,0.088998764,0.141931303,0.11152648,0.09293211,-0.00173913,0.001845018,0.013103572,0.009411166,-0.024390244
22-Mar-02,0.06167979,0.157367668,0.084645669,0.095245204,0.003490401,-0.018115942,-0.011269855,-0.009697733,0.001221001
15-Mar-02,-0.003921569,-0.029299363,0.054785479,0.115695361,-0.003478261,0.017323996,-0.015979742,0.014307614,-0.020100503
8-Mar-02,-0.008425146,-0.01607717,0.071476286,0.163803185,0.023131673,0.047490347,-0.004520167,0.012415934,0.015552855
1-Mar-02,0.103719599,-0.026498423,0.098220641,0.115895779,0.040740741,0.052845528,-0.013801972,-0.012263669,0.008207767
22-Feb-02,-0.10955414,-0.055405405,0.130181818,0.080186739,-0.050966608,-0.026513653,-0.002906231,-0.01621214,-0.019105984
15-Feb-02,0.009646302,0.154411765,0.058552632,0.130651356,-0.001754386,-0.00039557,0.028573941,-0.006616729,0.037009346
8-Feb-02,-0.018927445,0.135865595,0.046587927,0.116234832,-0.023972603,-0.015576324,0.037395111,-0.014760148,0.004254787
1-Feb-02,0.070945946,0.196226415,0.117482517,0.090730527,0.029982363,-0.03712036,-0.011272432,0.000615385,0.024487179
25-Jan-02,0.088235294,0.141975309,0.096296296,0.058698326,-0.005263158,0.008698941,0.007266782,0.023815524,0.026315789
18-Jan-02,-0.006574142,0.088,0.071100917,0.077192526,-0.005235602,0.007238095,-0.022725255,-0.00138417,-0.044025157
11-Jan-02,0.033207547,0.072884013,0.064150943,0.057170328,0.051376147,-0.020522388,-0.007926024,0.028871051,-0.01972873
4-Jan-02,0.022376543,-0.039855072,0.062015504,0.037218955,0.028301887,0.009416196,0.00353513,-0.006559486,0.053246753
28-Dec-01,0.0368,-0.029213483,0.056451613,0.02421289,-0.022140221,0.013745704,-0.015573343,-0.002565747,0.020408163
21-Dec-01,-0.020376176,0.075731497,0.107883817,0.076654562,0.005565863,0.027058824,-0.022785241,-0.029023418,0.01972973
14-Dec-01,-0.075362319,0.103806228,0.105263158,0.060374001,-0.018214936,-0.034822104,0.013965517,0.014661274,-0.04516129
7-Dec-01,0.033707865,0.148086522,0.091187739,0.089909266,-0.014362657,0.01968352,0.009134406,0.010472542,0.027170311
30-Nov-01,0.148881239,0.203787196,0.146757679,0.089839949,0,-0.022264151,0.016087687,-0.047213434,0.008555006
23-Nov-01,0.005190311,0.096226415,0.041083916,0.022879282,0.016423358,0.021194605,-0.029426905,-0.000608051,0.006864065
16-Nov-01,-0.038269551,0.156,0.15350488,0.079278077,0.068226121,0.008942457,0.022007891,-0.000121595,0.070913808
9-Nov-01,0.083859333,0.203203203,0.094545455,0.063502328,0.032193159,0.034593725,-0.014090595,0.009947194,0.046929229
2-Nov-01,0.046226415,0.061244019,0.210526316,0.058220639,-0.029296875,-0.025098039,0.011542497,0.021065831,-0.021267169
26-Oct-01,0.06,-0.035486806,0.110998991,0.057107039,-0.003891051,0.048519737,0.014549326,-0.00100213,0.047818013
19-Oct-01,0.001001001,-0.163879599,0.113402062,0.058418043,0.032128514,-0.006941609,0.031762014,0.024380855,-0.060755814
12-Oct-01,-0.044019139,-0.165413534,0.110638298,0.072727577,-0.02734375,0.001226492,-0.009699057,-0.008776393,0.06009245
5-Oct-01,-0.049135578,-0.134933775,0.075247525,0.054260502,-0.005825243,-0.0089141,0.027666511,0.016418875,0.03015873
28-Sep-01,-0.081103679,-0.112277868,0.173076923,0.08195132,0.206088993,0.126940639,-0.019634703,-0.009856631,0.145454545
21-Sep-01,-0.000835422,-0.044728435,0.060123784,0.108582787,-0.267581475,-0.122244489,0.021169449,0.005534818,-0.198133839
14-Sep-01,-0.00910596,0.015267176,0.021186441,0.007799721,-0.00681431,0.002008032,0.026713903,0.021833487,-0.013093525
7-Sep-01,-0.024232633,0.107241063,0.049538203,0.045122652,0.013816926,-0.052150742,0.073601974,0.006753178,-0.050546448
31-Aug-01,-0.011182109,0.133699634,0.062184874,0.054664352,0.008710801,-0.038081289,-0.116038164,0.003854845,0.033898305
24-Aug-01,0.061916879,0.034710744,0.092962641,0.075296844,-0.005199307,0.004782929,0.01167494,0.00844504,0.0456358
17-Aug-01,0.080659945,-0.06798419,0.128372093,0.098259006,-0.030252101,-0.022302158,-0.047043364,-0.014531044,0.004003559
10-Aug-01,-0.000915751,-0.082422204,0.041666667,0.122358879,0.054964539,-0.018708083,-0.040917493,-0.003947368,-0.025433526
3-Aug-01,-0.097520661,0.05,0.158714703,0.388357096,0.05027933,0.01504837,0.019443255,0.020134228,0.05988666
27-Jul-01,-0.043478261,0.095022624,0.083404987,0.037347042,-0.020072993,0.002874596,-0.021292648,-0.008253461,-0.063271162
20-Jul-01,0.06391926,-0.035087719,0.118965517,0.049197314,-0.085141903,-0.011016347,-0.021731999,-0.00026617,-0.041265475
13-Jul-01,0.143269231,-0.207333333,0.174463938,0.085142937,-0.006633499,0.006077941,0.00935353,0.007373643,-0.006830601
6-Jul-01,-0.058823529,-0.347962382,0.108504399,0.050262693,0.045060659,-0.015140845,-0.004367892,0.009200379,0.007570544
29-Jun-01,-0.15713196,-0.308510638,0.230769231,0.078990259,0.005226481,-0.013888889,-0.007362565,0.007497274,0.039788178
22-Jun-01,-0.126,-0.189239332,0.158015267,0.038647498,-0.046511628,0.044234953,0.026795464,0.003694076,-0.000715103
15-Jun-01,-0.059561129,-0.074074074,0.10877193,0.062837784,-0.044444444,-0.0302391,-0.030379541,0.007720943,-0.088990228
8-Jun-01,-0.001877347,0.109179416,0.082508251,0.028289058,0.004784689,-0.007676204,-0.000569801,-0.011852861,-0.021045918
1-Jun-01,-0.011750155,0.141428571,0.050228311,0.037881992,-0.0203125,-0.00069735,0.008206812,0.007273226,-0.024268824
25-May-01,-0.001851852,0.134736842,0.085443038,0.07751651,0.032258065,0.010214864,-0.040551181,0.01349096,-0.044589774
18-May-01,0.126564673,0.166306695,0.170662906,0.072411128,-0.017432647,0.030490018,0.002130514,-0.006219765,0.074760383
11-May-01,0.027142857,0.030824373,0.053429603,0.078181053,0.022690438,-0.026501767,-0.01069477,-0.02097429,-0.010245383
4-May-01,-0.01754386,0.067073171,0.044668588,0.037237038,0.028333333,0.012522361,-0.012640666,0.005305401,-0.026953846
27-Apr-01,0.025917927,0.091954023,0.044992743,0.043350537,-0.013157895,0.018586006,0.036675989,0.011141678,0.013092269
20-Apr-01,-0.004301075,0.108539505,0.036231884,0.073759805,0.001647446,0.030803907,-0.017198052,0.009722222,0.052493438
12-Apr-01,0.063262195,0.120481928,0.047297297,0.026016651,0.013355593,0.045151158,0.012402608,-0.004562422,0.079931973
6-Apr-01,0.005363985,-0.085714286,0.128267974,0.049075255,-0.032310178,-0.040316503,0.010281124,0.000691754,0.005988024
30-Mar-01,0.041500399,-0.070512821,0.07704918,0.037931719,-0.006420546,0.054848967,0.047538915,-0.000829417,0.044682752
23-Mar-01,0.006425703,-0.047148289,0.081871345,0.041191147,-0.011111111,-0.03044316,0.048984996,-0.005225523,-0.016983895
16-Mar-01,-0.132404181,-0.000802568,0.193734542,0.058586816,-0.074889868,-0.056363636,-0.029051333,0.018059639,-0.139798489
9-Mar-01,0.022079772,0.113266098,0.13,0.05767514,0.038109756,-0.000726744,0.019304682,-0.00376569,0.033315981
2-Mar-01,0.067680608,0.098591549,0.082826748,0.068884979,0.031446541,0.01139287,-0.004608295,0.010286036,0.044021739
23-Feb-01,0.055377207,0.182553957,0.144046628,0.061656374,-0.043609023,-0.063339071,-0.067688067,0.014002,0.001496802
16-Feb-01,-0.033359193,0.145220588,0.07219032,0.042102822,0.004531722,-0.003088538,-0.00202249,-0.001284247,-0.004200542
9-Feb-01,0.008607199,0.441834452,0.042673108,0.037637874,-0.032163743,-0.013874788,-0.010803457,-0.005393131,0.017931034
2-Feb-01,0.149280576,0.537906137,0.164716472,0.046194059,0.004405286,0.00101626,-0.041717791,-0.000850822,0.002627576
26-Jan-01,0.022058824,0.299065421,0.121184089,0.095332604,0.028700906,0.047179851,-0.01092233,0.01292732,0.004305556
19-Jan-01,0.217002237,0.225225225,0.248581158,0.100020574,0.018461538,-0.002829855,-0.021958457,0.003314599,0.021276596
12-Jan-01,0.075812274,0.1175,0.066350711,0.036843737,-0.009146341,-0.027185134,-0.00794819,0.007696776,-0.035039693
